12506,1,,6,train,24722496,24722496,378100626771
1999,1,,8,train,24722496,24722496,378100626771
2674,1,,6,train,24722496,24722496,378100626771
32970,1,,46,train,24722496,24722496,378100626771
40262,1,,6,train,24722496,24722496,378100626771
46871,1,,12,train,24722496,24722496,378100626771
54570,1,,10,train,24722496,24722496,378100626771
62031,1,,34,train,24722496,24722496,378100626771
70497,1,,60,train,24722496,24722496,378100626771
78219,1,,72,train,24722496,24722496,378100626771
11161,2,,18,train,24722496,24722496,378100626771
17917,2,,8,train,24722496,24722496,378100626771
2488,2,,10,train,24722496,24722496,378100626771
36704,2,,20,train,24722496,24722496,378100626771
43658,2,,8,train,24722496,24722496,378100626771
50464,2,,10,train,24722496,24722496,378100626771
58682,2,,6,train,24722496,24722496,378100626771
66606,2,,12,train,24722496,24722496,378100626771
74594,2,,6,train,24722496,24722496,378100626771
8396,2,,20,train,24722496,24722496,378100626771
12506,3,,6,train,24722496,24722496,378100626771
1999,3,,8,train,24722496,24722496,378100626771
2674,3,,6,train,24722496,24722496,378100626771
33357,3,,82,train,24722496,24722496,378100626771
40611,3,,10,train,24722496,24722496,378100626771
47141,3,,12,train,24722496,24722496,378100626771
55099,3,,92,train,24722496,24722496,378100626771
62308,3,,6,train,24722496,24722496,378100626771
70897,3,,8,train,24722496,24722496,378100626771
78833,3,,6,train,24722496,24722496,378100626771
1118,4,,20,train,24722496,24722496,378100626771
18320,4,,16,train,24722496,24722496,378100626771
24980,4,,8,train,24722496,24722496,378100626771
32376,4,,658,train,24722496,24722496,378100626771
3980,4,,38,train,24722496,24722496,378100626771
45770,4,,12,train,24722496,24722496,378100626771
53427,4,,44,train,24722496,24722496,378100626771
61676,4,,6,train,24722496,24722496,378100626771
69365,4,,6,train,24722496,24722496,378100626771
77507,4,,6,train,24722496,24722496,378100626771
16814,5,,12,train,24722496,24722496,378100626771
24030,5,,12,train,24722496,24722496,378100626771
31120,5,,6,train,24722496,24722496,378100626771
38540,5,,44,train,24722496,24722496,378100626771
44829,5,,56,train,24722496,24722496,378100626771
51585,5,,92,train,24722496,24722496,378100626771
59831,5,,8,train,24722496,24722496,378100626771
67615,5,,36,train,24722496,24722496,378100626771
75686,5,,62,train,24722496,24722496,378100626771
9634,5,,12,train,24722496,24722496,378100626771
1441,6,,18,train,24722496,24722496,378100626771
2089,6,,10,train,24722496,24722496,378100626771
28080,6,,6,train,24722496,24722496,378100626771
36385,6,,12,train,24722496,24722496,378100626771
43571,6,,6,train,24722496,24722496,378100626771
50385,6,,84,train,24722496,24722496,378100626771
58356,6,,80,train,24722496,24722496,378100626771
66267,6,,8,train,24722496,24722496,378100626771
74189,6,,74,train,24722496,24722496,378100626771
831,6,,12,train,24722496,24722496,378100626771
12617,7,,6,train,24722496,24722496,378100626771
20140,7,,6,train,24722496,24722496,378100626771
26821,7,,12,train,24722496,24722496,378100626771
33555,7,,44,train,24722496,24722496,378100626771
4097,7,,6,train,24722496,24722496,378100626771
47452,7,,34,train,24722496,24722496,378100626771
55345,7,,128,train,24722496,24722496,378100626771
62733,7,,244,train,24722496,24722496,378100626771
71238,7,,6,train,24722496,24722496,378100626771
79108,7,,38,train,24722496,24722496,378100626771
1667,8,,20,train,24722496,24722496,378100626771
23794,8,,44,train,24722496,24722496,378100626771
30817,8,,10,train,24722496,24722496,378100626771
3658,8,,18,train,24722496,24722496,378100626771
43656,8,,12,train,24722496,24722496,378100626771
50461,8,,34,train,24722496,24722496,378100626771
58544,8,,6,train,24722496,24722496,378100626771
66538,8,,6,train,24722496,24722496,378100626771
74444,8,,44,train,24722496,24722496,378100626771
8326,8,,18,train,24722496,24722496,378100626771
15279,9,,20,train,24722496,24722496,378100626771
21768,9,,14,train,24722496,24722496,378100626771
28800,9,,18,train,24722496,24722496,378100626771
36037,9,,8,train,24722496,24722496,378100626771
43294,9,,20,train,24722496,24722496,378100626771
49882,9,,14,train,24722496,24722496,378100626771
57812,9,,8,train,24722496,24722496,378100626771
6564,9,,6,train,24722496,24722496,378100626771
73311,9,,24,train,24722496,24722496,378100626771
81469,9,,20,train,24722496,24722496,378100626771
15470,10,,836,train,24722496,24722496,378100626771
2254,10,,12,train,24722496,24722496,378100626771
29255,10,,12,train,24722496,24722496,378100626771
35569,10,,6,train,24722496,24722496,378100626771
42080,10,,8,train,24722496,24722496,378100626771
48903,10,,188,train,24722496,24722496,378100626771
5702,10,,8,train,24722496,24722496,378100626771
65291,10,,38,train,24722496,24722496,378100626771
7289,10,,14,train,24722496,24722496,378100626771
80516,10,,8,train,24722496,24722496,378100626771
10262,11,,114,train,24722496,24722496,378100626771
17369,11,,6,train,24722496,24722496,378100626771
24438,11,,8,train,24722496,24722496,378100626771
31783,11,,74,train,24722496,24722496,378100626771
39136,11,,50,train,24722496,24722496,378100626771
45199,11,,56,train,24722496,24722496,378100626771
52336,11,,12,train,24722496,24722496,378100626771
60426,11,,8,train,24722496,24722496,378100626771
68492,11,,8,train,24722496,24722496,378100626771
76624,11,,12,train,24722496,24722496,378100626771
15130,12,,6,train,24722496,24722496,378100626771
21514,12,,18,train,24722496,24722496,378100626771
28687,12,,6,train,24722496,24722496,378100626771
34475,12,,6,train,24722496,24722496,378100626771
41629,12,,114,train,24722496,24722496,378100626771
47918,12,,28,train,24722496,24722496,378100626771
56101,12,,30,train,24722496,24722496,378100626771
64373,12,,12,train,24722496,24722496,378100626771
72245,12,,256,train,24722496,24722496,378100626771
79793,12,,32,train,24722496,24722496,378100626771
11760,13,,394,train,24722496,24722496,378100626771
19001,13,,14,train,24722496,24722496,378100626771
25449,13,,8,train,24722496,24722496,378100626771
36324,13,,10,train,24722496,24722496,378100626771
43493,13,,10,train,24722496,24722496,378100626771
50,13,,6,train,24722496,24722496,378100626771
58045,13,,6,train,24722496,24722496,378100626771
66041,13,,32,train,24722496,24722496,378100626771
73655,13,,12,train,24722496,24722496,378100626771
81703,13,,12,train,24722496,24722496,378100626771
15435,14,,26,train,24722496,24722496,378100626771
21958,14,,102,train,24722496,24722496,378100626771
29214,14,,86,train,24722496,24722496,378100626771
36091,14,,38,train,24722496,24722496,378100626771
43460,14,,6,train,24722496,24722496,378100626771
49998,14,,20,train,24722496,24722496,378100626771
5796,14,,36,train,24722496,24722496,378100626771
65943,14,,8,train,24722496,24722496,378100626771
73648,14,,12,train,24722496,24722496,378100626771
81685,14,,26,train,24722496,24722496,378100626771
13441,15,,8,train,24722496,24722496,378100626771
2031,15,,22,train,24722496,24722496,378100626771
27269,15,,16,train,24722496,24722496,378100626771
33555,15,,44,train,24722496,24722496,378100626771
4097,15,,6,train,24722496,24722496,378100626771
47452,15,,34,train,24722496,24722496,378100626771
55345,15,,128,train,24722496,24722496,378100626771
62733,15,,244,train,24722496,24722496,378100626771
71238,15,,6,train,24722496,24722496,378100626771
79108,15,,38,train,24722496,24722496,378100626771
1667,16,,20,train,24722496,24722496,378100626771
23794,16,,44,train,24722496,24722496,378100626771
30817,16,,10,train,24722496,24722496,378100626771
3834,16,,38,train,24722496,24722496,378100626771
44812,16,,42,train,24722496,24722496,378100626771
51525,16,,14,train,24722496,24722496,378100626771
59594,16,,20,train,24722496,24722496,378100626771
67546,16,,26,train,24722496,24722496,378100626771
75625,16,,26,train,24722496,24722496,378100626771
9412,16,,10,train,24722496,24722496,378100626771
10570,17,,18,train,24722496,24722496,378100626771
17740,17,,8,train,24722496,24722496,378100626771
24784,17,,126,train,24722496,24722496,378100626771
31955,17,,24,train,24722496,24722496,378100626771
39486,17,,24,train,24722496,24722496,378100626771
45417,17,,66,train,24722496,24722496,378100626771
53089,17,,34,train,24722496,24722496,378100626771
60953,17,,14,train,24722496,24722496,378100626771
6906,17,,12,train,24722496,24722496,378100626771
77259,17,,198,train,24722496,24722496,378100626771
11796,18,,168,train,24722496,24722496,378100626771
19136,18,,12,train,24722496,24722496,378100626771
25631,18,,14,train,24722496,24722496,378100626771
3271,18,,10,train,24722496,24722496,378100626771
40012,18,,10,train,24722496,24722496,378100626771
46056,18,,6,train,24722496,24722496,378100626771
53987,18,,92,train,24722496,24722496,378100626771
6177,18,,34,train,24722496,24722496,378100626771
69539,18,,38,train,24722496,24722496,378100626771
77897,18,,36,train,24722496,24722496,378100626771
16777,19,,54,train,24722496,24722496,378100626771
24018,19,,6,train,24722496,24722496,378100626771
3107,19,,68,train,24722496,24722496,378100626771
35726,19,,14,train,24722496,24722496,378100626771
42457,19,,16,train,24722496,24722496,378100626771
492,19,,6,train,24722496,24722496,378100626771
57511,19,,14,train,24722496,24722496,378100626771
65395,19,,78,train,24722496,24722496,378100626771
72934,19,,6,train,24722496,24722496,378100626771
8090,19,,8,train,24722496,24722496,378100626771
11796,20,,168,train,24722496,24722496,378100626771
19136,20,,12,train,24722496,24722496,378100626771
25631,20,,14,train,24722496,24722496,378100626771
32731,20,,12,train,24722496,24722496,378100626771
40076,20,,6,train,24722496,24722496,378100626771
46303,20,,110,train,24722496,24722496,378100626771
5435,20,,74,train,24722496,24722496,378100626771
61872,20,,480,train,24722496,24722496,378100626771
69563,20,,62,train,24722496,24722496,378100626771
78060,20,,42,train,24722496,24722496,378100626771
16535,21,,6,train,24722496,24722496,378100626771
23608,21,,6,train,24722496,24722496,378100626771
30607,21,,48,train,24722496,24722496,378100626771
3654,21,,78,train,24722496,24722496,378100626771
43611,21,,110,train,24722496,24722496,378100626771
50425,21,,12,train,24722496,24722496,378100626771
58533,21,,104,train,24722496,24722496,378100626771
66416,21,,8,train,24722496,24722496,378100626771
74348,21,,24,train,24722496,24722496,378100626771
8320,21,,6,train,24722496,24722496,378100626771
10262,22,,114,train,24722496,24722496,378100626771
17369,22,,6,train,24722496,24722496,378100626771
24438,22,,8,train,24722496,24722496,378100626771
31783,22,,74,train,24722496,24722496,378100626771
39136,22,,50,train,24722496,24722496,378100626771
45199,22,,56,train,24722496,24722496,378100626771
52336,22,,12,train,24722496,24722496,378100626771
60426,22,,8,train,24722496,24722496,378100626771
68492,22,,8,train,24722496,24722496,378100626771
76624,22,,12,train,24722496,24722496,378100626771
1228,23,,14,train,24722496,24722496,378100626771
19878,23,,14,train,24722496,24722496,378100626771
26672,23,,6,train,24722496,24722496,378100626771
38639,23,,8,train,24722496,24722496,378100626771
44941,23,,38,train,24722496,24722496,378100626771
52029,23,,12,train,24722496,24722496,378100626771
60283,23,,8,train,24722496,24722496,378100626771
67889,23,,8,train,24722496,24722496,378100626771
75804,23,,8,train,24722496,24722496,378100626771
9913,23,,6,train,24722496,24722496,378100626771
11760,24,,394,train,24722496,24722496,378100626771
19001,24,,14,train,24722496,24722496,378100626771
25449,24,,8,train,24722496,24722496,378100626771
32715,24,,38,train,24722496,24722496,378100626771
4007,24,,48,train,24722496,24722496,378100626771
46266,24,,12,train,24722496,24722496,378100626771
54215,24,,8,train,24722496,24722496,378100626771
61843,24,,6,train,24722496,24722496,378100626771
69555,24,,12,train,24722496,24722496,378100626771
77911,24,,36,train,24722496,24722496,378100626771
14120,25,,168,train,24722496,24722496,378100626771
20457,25,,38,train,24722496,24722496,378100626771
27726,25,,6,train,24722496,24722496,378100626771
34503,25,,24,train,24722496,24722496,378100626771
41692,25,,8,train,24722496,24722496,378100626771
47936,25,,24,train,24722496,24722496,378100626771
56109,25,,14,train,24722496,24722496,378100626771
64495,25,,8,train,24722496,24722496,378100626771
72483,25,,30,train,24722496,24722496,378100626771
79811,25,,20,train,24722496,24722496,378100626771
15435,26,,26,train,24722496,24722496,378100626771
21958,26,,102,train,24722496,24722496,378100626771
29214,26,,86,train,24722496,24722496,378100626771
36037,26,,8,train,24722496,24722496,378100626771
43294,26,,20,train,24722496,24722496,378100626771
49882,26,,14,train,24722496,24722496,378100626771
57812,26,,8,train,24722496,24722496,378100626771
6564,26,,6,train,24722496,24722496,378100626771
73311,26,,24,train,24722496,24722496,378100626771
81469,26,,20,train,24722496,24722496,378100626771
12434,27,,6,train,24722496,24722496,378100626771
19969,27,,32,train,24722496,24722496,378100626771
26739,27,,226,train,24722496,24722496,378100626771
33371,27,,6,train,24722496,24722496,378100626771
40677,27,,236,train,24722496,24722496,378100626771
47144,27,,14,train,24722496,24722496,378100626771
55230,27,,8,train,24722496,24722496,378100626771
62433,27,,10,train,24722496,24722496,378100626771
71031,27,,8,train,24722496,24722496,378100626771
78946,27,,74,train,24722496,24722496,378100626771
16613,28,,6,train,24722496,24722496,378100626771
23730,28,,6,train,24722496,24722496,378100626771
3073,28,,6,train,24722496,24722496,378100626771
3832,28,,28,train,24722496,24722496,378100626771
44747,28,,112,train,24722496,24722496,378100626771
51419,28,,6,train,24722496,24722496,378100626771
59522,28,,16,train,24722496,24722496,378100626771
67432,28,,110,train,24722496,24722496,378100626771
75594,28,,14,train,24722496,24722496,378100626771
9370,28,,12,train,24722496,24722496,378100626771
15921,29,,14,train,24722496,24722496,378100626771
22660,29,,8,train,24722496,24722496,378100626771
29708,29,,64,train,24722496,24722496,378100626771
3654,29,,78,train,24722496,24722496,378100626771
43611,29,,110,train,24722496,24722496,378100626771
50425,29,,12,train,24722496,24722496,378100626771
58533,29,,104,train,24722496,24722496,378100626771
66416,29,,8,train,24722496,24722496,378100626771
74348,29,,24,train,24722496,24722496,378100626771
8320,29,,6,train,24722496,24722496,378100626771
10570,30,,18,train,24722496,24722496,378100626771
17740,30,,8,train,24722496,24722496,378100626771
24784,30,,126,train,24722496,24722496,378100626771
31955,30,,24,train,24722496,24722496,378100626771
39486,30,,24,train,24722496,24722496,378100626771
45417,30,,66,train,24722496,24722496,378100626771
53089,30,,34,train,24722496,24722496,378100626771
60953,30,,14,train,24722496,24722496,378100626771
6906,30,,12,train,24722496,24722496,378100626771
77259,30,,198,train,24722496,24722496,378100626771
1497,31,,116,train,24722496,24722496,378100626771
21100,31,,32,train,24722496,24722496,378100626771
28371,31,,334,train,24722496,24722496,378100626771
33710,31,,10,train,24722496,24722496,378100626771
41164,31,,12,train,24722496,24722496,378100626771
47607,31,,10,train,24722496,24722496,378100626771
55702,31,,18,train,24722496,24722496,378100626771
63054,31,,6,train,24722496,24722496,378100626771
71814,31,,8,train,24722496,24722496,378100626771
79399,31,,8,train,24722496,24722496,378100626771
10622,32,,10,train,24722496,24722496,378100626771
1776,32,,16,train,24722496,24722496,378100626771
24793,32,,52,train,24722496,24722496,378100626771
31955,32,,24,train,24722496,24722496,378100626771
39486,32,,24,train,24722496,24722496,378100626771
45417,32,,66,train,24722496,24722496,378100626771
53089,32,,34,train,24722496,24722496,378100626771
60953,32,,14,train,24722496,24722496,378100626771
6906,32,,12,train,24722496,24722496,378100626771
77259,32,,198,train,24722496,24722496,378100626771
13181,33,,12,train,24722496,24722496,378100626771
20217,33,,14,train,24722496,24722496,378100626771
27095,33,,14,train,24722496,24722496,378100626771
32963,33,,12,train,24722496,24722496,378100626771
40184,33,,32,train,24722496,24722496,378100626771
4677,33,,28,train,24722496,24722496,378100626771
54568,33,,6,train,24722496,24722496,378100626771
6197,33,,8,train,24722496,24722496,378100626771
7036,33,,14,train,24722496,24722496,378100626771
78174,33,,8,train,24722496,24722496,378100626771
104,34,,12,train,24722496,24722496,378100626771
17406,34,,42,train,24722496,24722496,378100626771
24469,34,,6,train,24722496,24722496,378100626771
3834,34,,38,train,24722496,24722496,378100626771
44812,34,,42,train,24722496,24722496,378100626771
51525,34,,14,train,24722496,24722496,378100626771
59594,34,,20,train,24722496,24722496,378100626771
67546,34,,26,train,24722496,24722496,378100626771
75625,34,,26,train,24722496,24722496,378100626771
9412,34,,10,train,24722496,24722496,378100626771
10570,35,,18,train,24722496,24722496,378100626771
17740,35,,8,train,24722496,24722496,378100626771
24784,35,,126,train,24722496,24722496,378100626771
36375,35,,60,train,24722496,24722496,378100626771
43554,35,,6,train,24722496,24722496,378100626771
50376,35,,8,train,24722496,24722496,378100626771
58213,35,,6,train,24722496,24722496,378100626771
66153,35,,6,train,24722496,24722496,378100626771
74188,35,,8,train,24722496,24722496,378100626771
8255,35,,24,train,24722496,24722496,378100626771
11287,36,,6,train,24722496,24722496,378100626771
18349,36,,20,train,24722496,24722496,378100626771
25000,36,,16,train,24722496,24722496,378100626771
32392,36,,22,train,24722496,24722496,378100626771
39813,36,,12,train,24722496,24722496,378100626771
45857,36,,242,train,24722496,24722496,378100626771
53503,36,,6,train,24722496,24722496,378100626771
61695,36,,78,train,24722496,24722496,378100626771
69372,36,,32,train,24722496,24722496,378100626771
77690,36,,42,train,24722496,24722496,378100626771
10255,37,,14,train,24722496,24722496,378100626771
17164,37,,26,train,24722496,24722496,378100626771
24402,37,,56,train,24722496,24722496,378100626771
31628,37,,18,train,24722496,24722496,378100626771
39007,37,,12,train,24722496,24722496,378100626771
45186,37,,340,train,24722496,24722496,378100626771
52215,37,,10,train,24722496,24722496,378100626771
60421,37,,198,train,24722496,24722496,378100626771
68133,37,,20,train,24722496,24722496,378100626771
76589,37,,14,train,24722496,24722496,378100626771
12883,38,,62,train,24722496,24722496,378100626771
20191,38,,80,train,24722496,24722496,378100626771
26859,38,,12,train,24722496,24722496,378100626771
33876,38,,8,train,24722496,24722496,378100626771
41314,38,,36,train,24722496,24722496,378100626771
47622,38,,34,train,24722496,24722496,378100626771
55816,38,,66,train,24722496,24722496,378100626771
63483,38,,6,train,24722496,24722496,378100626771
71830,38,,12,train,24722496,24722496,378100626771
79407,38,,18,train,24722496,24722496,378100626771
16409,39,,26,train,24722496,24722496,378100626771
23170,39,,138,train,24722496,24722496,378100626771
30398,39,,42,train,24722496,24722496,378100626771
37495,39,,6,train,24722496,24722496,378100626771
44025,39,,20,train,24722496,24722496,378100626771
51279,39,,14,train,24722496,24722496,378100626771
59059,39,,8,train,24722496,24722496,378100626771
66881,39,,28,train,24722496,24722496,378100626771
75163,39,,16,train,24722496,24722496,378100626771
8788,39,,12,train,24722496,24722496,378100626771
1667,40,,20,train,24722496,24722496,378100626771
23794,40,,44,train,24722496,24722496,378100626771
30817,40,,10,train,24722496,24722496,378100626771
3834,40,,38,train,24722496,24722496,378100626771
44812,40,,42,train,24722496,24722496,378100626771
51525,40,,14,train,24722496,24722496,378100626771
59594,40,,20,train,24722496,24722496,378100626771
67546,40,,26,train,24722496,24722496,378100626771
75625,40,,26,train,24722496,24722496,378100626771
9412,40,,10,train,24722496,24722496,378100626771
1426,41,,10,train,24722496,24722496,378100626771
20790,41,,102,train,24722496,24722496,378100626771
27819,41,,6,train,24722496,24722496,378100626771
32715,41,,38,train,24722496,24722496,378100626771
4007,41,,48,train,24722496,24722496,378100626771
46266,41,,12,train,24722496,24722496,378100626771
54215,41,,8,train,24722496,24722496,378100626771
61843,41,,6,train,24722496,24722496,378100626771
69555,41,,12,train,24722496,24722496,378100626771
77911,41,,36,train,24722496,24722496,378100626771
16607,42,,8,train,24722496,24722496,378100626771
23681,42,,50,train,24722496,24722496,378100626771
30699,42,,6,train,24722496,24722496,378100626771
38111,42,,8,train,24722496,24722496,378100626771
44705,42,,60,train,24722496,24722496,378100626771
51353,42,,14,train,24722496,24722496,378100626771
59497,42,,12,train,24722496,24722496,378100626771
67357,42,,38,train,24722496,24722496,378100626771
75584,42,,6,train,24722496,24722496,378100626771
9352,42,,18,train,24722496,24722496,378100626771
12883,43,,62,train,24722496,24722496,378100626771
20191,43,,80,train,24722496,24722496,378100626771
26859,43,,12,train,24722496,24722496,378100626771
33701,43,,32,train,24722496,24722496,378100626771
41042,43,,60,train,24722496,24722496,378100626771
47569,43,,38,train,24722496,24722496,378100626771
55541,43,,6,train,24722496,24722496,378100626771
62874,43,,14,train,24722496,24722496,378100626771
71439,43,,158,train,24722496,24722496,378100626771
7923,43,,8,train,24722496,24722496,378100626771
1204,44,,34,train,24722496,24722496,378100626771
19799,44,,18,train,24722496,24722496,378100626771
26028,44,,50,train,24722496,24722496,378100626771
32970,44,,46,train,24722496,24722496,378100626771
40262,44,,6,train,24722496,24722496,378100626771
46871,44,,12,train,24722496,24722496,378100626771
54570,44,,10,train,24722496,24722496,378100626771
62031,44,,34,train,24722496,24722496,378100626771
70497,44,,60,train,24722496,24722496,378100626771
78219,44,,72,train,24722496,24722496,378100626771
15279,45,,20,train,24722496,24722496,378100626771
21768,45,,14,train,24722496,24722496,378100626771
28800,45,,18,train,24722496,24722496,378100626771
36037,45,,8,train,24722496,24722496,378100626771
43294,45,,20,train,24722496,24722496,378100626771
49882,45,,14,train,24722496,24722496,378100626771
57812,45,,8,train,24722496,24722496,378100626771
6564,45,,6,train,24722496,24722496,378100626771
73311,45,,24,train,24722496,24722496,378100626771
81469,45,,20,train,24722496,24722496,378100626771
11161,46,,18,train,24722496,24722496,378100626771
17917,46,,8,train,24722496,24722496,378100626771
2488,46,,10,train,24722496,24722496,378100626771
34474,46,,18,train,24722496,24722496,378100626771
41574,46,,102,train,24722496,24722496,378100626771
47808,46,,14,train,24722496,24722496,378100626771
56013,46,,6,train,24722496,24722496,378100626771
63981,46,,48,train,24722496,24722496,378100626771
7221,46,,6,train,24722496,24722496,378100626771
79740,46,,6,train,24722496,24722496,378100626771
15038,47,,10,train,24722496,24722496,378100626771
2137,47,,22,train,24722496,24722496,378100626771
28373,47,,54,train,24722496,24722496,378100626771
35858,47,,14,train,24722496,24722496,378100626771
42799,47,,8,train,24722496,24722496,378100626771
49209,47,,18,train,24722496,24722496,378100626771
57532,47,,6,train,24722496,24722496,378100626771
65466,47,,8,train,24722496,24722496,378100626771
73009,47,,16,train,24722496,24722496,378100626771
8092,47,,6,train,24722496,24722496,378100626771
16777,48,,54,train,24722496,24722496,378100626771
24018,48,,6,train,24722496,24722496,378100626771
3107,48,,68,train,24722496,24722496,378100626771
37668,48,,14,train,24722496,24722496,378100626771
44250,48,,50,train,24722496,24722496,378100626771
51287,48,,8,train,24722496,24722496,378100626771
59083,48,,212,train,24722496,24722496,378100626771
67160,48,,298,train,24722496,24722496,378100626771
75177,48,,24,train,24722496,24722496,378100626771
8892,48,,6,train,24722496,24722496,378100626771
10902,49,,6,train,24722496,24722496,378100626771
17901,49,,10,train,24722496,24722496,378100626771
24812,49,,30,train,24722496,24722496,378100626771
32135,49,,32,train,24722496,24722496,378100626771
39550,49,,24,train,24722496,24722496,378100626771
45605,49,,8,train,24722496,24722496,378100626771
53169,49,,12,train,24722496,24722496,378100626771
61424,49,,32,train,24722496,24722496,378100626771
69073,49,,6,train,24722496,24722496,378100626771
77393,49,,8,train,24722496,24722496,378100626771
1228,50,,14,train,24722496,24722496,378100626771
19878,50,,14,train,24722496,24722496,378100626771
26672,50,,6,train,24722496,24722496,378100626771
34866,50,,12,train,24722496,24722496,378100626771
4175,50,,6,train,24722496,24722496,378100626771
48240,50,,88,train,24722496,24722496,378100626771
56372,50,,24,train,24722496,24722496,378100626771
64654,50,,10,train,24722496,24722496,378100626771
72679,50,,132,train,24722496,24722496,378100626771
80210,50,,14,train,24722496,24722496,378100626771
16986,51,,6,train,24722496,24722496,378100626771
24161,51,,18,train,24722496,24722496,378100626771
31396,51,,14,train,24722496,24722496,378100626771
38706,51,,92,train,24722496,24722496,378100626771
45063,51,,14,train,24722496,24722496,378100626771
52084,51,,6,train,24722496,24722496,378100626771
60287,51,,6,train,24722496,24722496,378100626771
67917,51,,18,train,24722496,24722496,378100626771
75964,51,,16,train,24722496,24722496,378100626771
9963,51,,10,train,24722496,24722496,378100626771
1426,52,,10,train,24722496,24722496,378100626771
20790,52,,102,train,24722496,24722496,378100626771
27819,52,,6,train,24722496,24722496,378100626771
36091,52,,38,train,24722496,24722496,378100626771
43460,52,,6,train,24722496,24722496,378100626771
49998,52,,20,train,24722496,24722496,378100626771
5796,52,,36,train,24722496,24722496,378100626771
65943,52,,8,train,24722496,24722496,378100626771
73648,52,,12,train,24722496,24722496,378100626771
81685,52,,26,train,24722496,24722496,378100626771
10622,53,,10,train,24722496,24722496,378100626771
1776,53,,16,train,24722496,24722496,378100626771
24793,53,,52,train,24722496,24722496,378100626771
32103,53,,58,train,24722496,24722496,378100626771
39517,53,,6,train,24722496,24722496,378100626771
45506,53,,6,train,24722496,24722496,378100626771
53112,53,,8,train,24722496,24722496,378100626771
61220,53,,38,train,24722496,24722496,378100626771
69062,53,,6,train,24722496,24722496,378100626771
77268,53,,6,train,24722496,24722496,378100626771
12020,54,,26,train,24722496,24722496,378100626771
19526,54,,14,train,24722496,24722496,378100626771
25745,54,,186,train,24722496,24722496,378100626771
32873,54,,12,train,24722496,24722496,378100626771
40098,54,,18,train,24722496,24722496,378100626771
46501,54,,20,train,24722496,24722496,378100626771
54374,54,,28,train,24722496,24722496,378100626771
61953,54,,6,train,24722496,24722496,378100626771
70254,54,,76,train,24722496,24722496,378100626771
78134,54,,176,train,24722496,24722496,378100626771
1497,55,,116,train,24722496,24722496,378100626771
21100,55,,32,train,24722496,24722496,378100626771
28371,55,,334,train,24722496,24722496,378100626771
35703,55,,24,train,24722496,24722496,378100626771
4225,55,,6,train,24722496,24722496,378100626771
4895,55,,22,train,24722496,24722496,378100626771
57451,55,,20,train,24722496,24722496,378100626771
65304,55,,214,train,24722496,24722496,378100626771
72914,55,,18,train,24722496,24722496,378100626771
80706,55,,48,train,24722496,24722496,378100626771
11760,56,,394,train,24722496,24722496,378100626771
19001,56,,14,train,24722496,24722496,378100626771
25449,56,,8,train,24722496,24722496,378100626771
31892,56,,30,train,24722496,24722496,378100626771
39295,56,,60,train,24722496,24722496,378100626771
4530,56,,12,train,24722496,24722496,378100626771
53008,56,,104,train,24722496,24722496,378100626771
6092,56,,30,train,24722496,24722496,378100626771
68994,56,,66,train,24722496,24722496,378100626771
77208,56,,8,train,24722496,24722496,378100626771
14290,57,,138,train,24722496,24722496,378100626771
20805,57,,40,train,24722496,24722496,378100626771
27865,57,,6,train,24722496,24722496,378100626771
31805,57,,78,train,24722496,24722496,378100626771
39152,57,,12,train,24722496,24722496,378100626771
45215,57,,6,train,24722496,24722496,378100626771
52752,57,,158,train,24722496,24722496,378100626771
60749,57,,18,train,24722496,24722496,378100626771
68585,57,,54,train,24722496,24722496,378100626771
76775,57,,234,train,24722496,24722496,378100626771
1441,58,,18,train,24722496,24722496,378100626771
2089,58,,10,train,24722496,24722496,378100626771
28080,58,,6,train,24722496,24722496,378100626771
38111,58,,8,train,24722496,24722496,378100626771
44705,58,,60,train,24722496,24722496,378100626771
51353,58,,14,train,24722496,24722496,378100626771
59497,58,,12,train,24722496,24722496,378100626771
67357,58,,38,train,24722496,24722496,378100626771
75584,58,,6,train,24722496,24722496,378100626771
9352,58,,18,train,24722496,24722496,378100626771
15436,59,,8,train,24722496,24722496,378100626771
2238,59,,222,train,24722496,24722496,378100626771
29223,59,,34,train,24722496,24722496,378100626771
33705,59,,12,train,24722496,24722496,378100626771
41138,59,,128,train,24722496,24722496,378100626771
47590,59,,16,train,24722496,24722496,378100626771
55659,59,,6,train,24722496,24722496,378100626771
63024,59,,6,train,24722496,24722496,378100626771
71672,59,,120,train,24722496,24722496,378100626771
79307,59,,62,train,24722496,24722496,378100626771
12506,60,,6,train,24722496,24722496,378100626771
1999,60,,8,train,24722496,24722496,378100626771
2674,60,,6,train,24722496,24722496,378100626771
33399,60,,26,train,24722496,24722496,378100626771
40865,60,,6,train,24722496,24722496,378100626771
4722,60,,6,train,24722496,24722496,378100626771
55267,60,,146,train,24722496,24722496,378100626771
6260,60,,6,train,24722496,24722496,378100626771
711,60,,8,train,24722496,24722496,378100626771
78985,60,,44,train,24722496,24722496,378100626771
12067,61,,12,train,24722496,24722496,378100626771
1985,61,,26,train,24722496,24722496,378100626771
26566,61,,14,train,24722496,24722496,378100626771
32392,61,,22,train,24722496,24722496,378100626771
39813,61,,12,train,24722496,24722496,378100626771
45857,61,,242,train,24722496,24722496,378100626771
53503,61,,6,train,24722496,24722496,378100626771
61695,61,,78,train,24722496,24722496,378100626771
69372,61,,32,train,24722496,24722496,378100626771
77690,61,,42,train,24722496,24722496,378100626771
11537,62,,56,train,24722496,24722496,378100626771
18530,62,,6,train,24722496,24722496,378100626771
25041,62,,28,train,24722496,24722496,378100626771
32417,62,,6,train,24722496,24722496,378100626771
39827,62,,8,train,24722496,24722496,378100626771
45876,62,,8,train,24722496,24722496,378100626771
53611,62,,32,train,24722496,24722496,378100626771
61749,62,,32,train,24722496,24722496,378100626771
69394,62,,10,train,24722496,24722496,378100626771
77797,62,,12,train,24722496,24722496,378100626771
16921,63,,44,train,24722496,24722496,378100626771
24142,63,,6,train,24722496,24722496,378100626771
31376,63,,12,train,24722496,24722496,378100626771
38639,63,,8,train,24722496,24722496,378100626771
44941,63,,38,train,24722496,24722496,378100626771
52029,63,,12,train,24722496,24722496,378100626771
60283,63,,8,train,24722496,24722496,378100626771
67889,63,,8,train,24722496,24722496,378100626771
75804,63,,8,train,24722496,24722496,378100626771
9913,63,,6,train,24722496,24722496,378100626771
10255,64,,14,train,24722496,24722496,378100626771
17164,64,,26,train,24722496,24722496,378100626771
24402,64,,56,train,24722496,24722496,378100626771
36341,64,,42,train,24722496,24722496,378100626771
43541,64,,28,train,24722496,24722496,378100626771
50000,64,,120,train,24722496,24722496,378100626771
58211,64,,16,train,24722496,24722496,378100626771
66092,64,,8,train,24722496,24722496,378100626771
74022,64,,36,train,24722496,24722496,378100626771
8219,64,,6,train,24722496,24722496,378100626771
16409,65,,26,train,24722496,24722496,378100626771
23170,65,,138,train,24722496,24722496,378100626771
30398,65,,42,train,24722496,24722496,378100626771
38706,65,,92,train,24722496,24722496,378100626771
45063,65,,14,train,24722496,24722496,378100626771
52084,65,,6,train,24722496,24722496,378100626771
60287,65,,6,train,24722496,24722496,378100626771
67917,65,,18,train,24722496,24722496,378100626771
75964,65,,16,train,24722496,24722496,378100626771
9963,65,,10,train,24722496,24722496,378100626771
11760,66,,394,train,24722496,24722496,378100626771
19001,66,,14,train,24722496,24722496,378100626771
25449,66,,8,train,24722496,24722496,378100626771
32715,66,,38,train,24722496,24722496,378100626771
4007,66,,48,train,24722496,24722496,378100626771
46266,66,,12,train,24722496,24722496,378100626771
54215,66,,8,train,24722496,24722496,378100626771
61843,66,,6,train,24722496,24722496,378100626771
69555,66,,12,train,24722496,24722496,378100626771
77911,66,,36,train,24722496,24722496,378100626771
1441,67,,18,train,24722496,24722496,378100626771
2089,67,,10,train,24722496,24722496,378100626771
28080,67,,6,train,24722496,24722496,378100626771
35297,67,,538,train,24722496,24722496,378100626771
42040,67,,18,train,24722496,24722496,378100626771
4850,67,,12,train,24722496,24722496,378100626771
57000,67,,162,train,24722496,24722496,378100626771
65027,67,,26,train,24722496,24722496,378100626771
728,67,,92,train,24722496,24722496,378100626771
80453,67,,134,train,24722496,24722496,378100626771
10069,68,,12,train,24722496,24722496,378100626771
16994,68,,6,train,24722496,24722496,378100626771
24279,68,,8,train,24722496,24722496,378100626771
31561,68,,16,train,24722496,24722496,378100626771
38709,68,,534,train,24722496,24722496,378100626771
45081,68,,8,train,24722496,24722496,378100626771
52093,68,,10,train,24722496,24722496,378100626771
60345,68,,24,train,24722496,24722496,378100626771
67920,68,,6,train,24722496,24722496,378100626771
76192,68,,6,train,24722496,24722496,378100626771
15128,69,,6,train,24722496,24722496,378100626771
21474,69,,20,train,24722496,24722496,378100626771
28574,69,,6,train,24722496,24722496,378100626771
3588,69,,22,train,24722496,24722496,378100626771
42811,69,,30,train,24722496,24722496,378100626771
49292,69,,6,train,24722496,24722496,378100626771
57549,69,,8,train,24722496,24722496,378100626771
65469,69,,12,train,24722496,24722496,378100626771
73054,69,,18,train,24722496,24722496,378100626771
8100,69,,8,train,24722496,24722496,378100626771
16105,70,,110,train,24722496,24722496,378100626771
22891,70,,24,train,24722496,24722496,378100626771
30032,70,,12,train,24722496,24722496,378100626771
37081,70,,6,train,24722496,24722496,378100626771
43725,70,,18,train,24722496,24722496,378100626771
50485,70,,6,train,24722496,24722496,378100626771
58698,70,,80,train,24722496,24722496,378100626771
66667,70,,42,train,24722496,24722496,378100626771
74619,70,,86,train,24722496,24722496,378100626771
8506,70,,8,train,24722496,24722496,378100626771
10902,71,,6,train,24722496,24722496,378100626771
17901,71,,10,train,24722496,24722496,378100626771
24812,71,,30,train,24722496,24722496,378100626771
32135,71,,32,train,24722496,24722496,378100626771
39550,71,,24,train,24722496,24722496,378100626771
45605,71,,8,train,24722496,24722496,378100626771
53169,71,,12,train,24722496,24722496,378100626771
61424,71,,32,train,24722496,24722496,378100626771
69073,71,,6,train,24722496,24722496,378100626771
77393,71,,8,train,24722496,24722496,378100626771
13384,72,,6,train,24722496,24722496,378100626771
20221,72,,18,train,24722496,24722496,378100626771
27178,72,,32,train,24722496,24722496,378100626771
37383,72,,56,train,24722496,24722496,378100626771
43829,72,,428,train,24722496,24722496,378100626771
5052,72,,6,train,24722496,24722496,378100626771
58759,72,,86,train,24722496,24722496,378100626771
66749,72,,8,train,24722496,24722496,378100626771
74685,72,,152,train,24722496,24722496,378100626771
8617,72,,8,train,24722496,24722496,378100626771
11796,73,,168,train,24722496,24722496,378100626771
19136,73,,12,train,24722496,24722496,378100626771
25631,73,,14,train,24722496,24722496,378100626771
32731,73,,12,train,24722496,24722496,378100626771
40076,73,,6,train,24722496,24722496,378100626771
46303,73,,110,train,24722496,24722496,378100626771
5435,73,,74,train,24722496,24722496,378100626771
61872,73,,480,train,24722496,24722496,378100626771
69563,73,,62,train,24722496,24722496,378100626771
78060,73,,42,train,24722496,24722496,378100626771
13476,74,,8,train,24722496,24722496,378100626771
20371,74,,38,train,24722496,24722496,378100626771
27325,74,,78,train,24722496,24722496,378100626771
36324,74,,10,train,24722496,24722496,378100626771
43493,74,,10,train,24722496,24722496,378100626771
50,74,,6,train,24722496,24722496,378100626771
58045,74,,6,train,24722496,24722496,378100626771
66041,74,,32,train,24722496,24722496,378100626771
73655,74,,12,train,24722496,24722496,378100626771
81703,74,,12,train,24722496,24722496,378100626771
16777,75,,54,train,24722496,24722496,378100626771
24018,75,,6,train,24722496,24722496,378100626771
3107,75,,68,train,24722496,24722496,378100626771
33076,75,,6,train,24722496,24722496,378100626771
40584,75,,40,train,24722496,24722496,378100626771
47007,75,,14,train,24722496,24722496,378100626771
55098,75,,18,train,24722496,24722496,378100626771
62188,75,,94,train,24722496,24722496,378100626771
70765,75,,36,train,24722496,24722496,378100626771
78760,75,,14,train,24722496,24722496,378100626771
10570,76,,18,train,24722496,24722496,378100626771
17740,76,,8,train,24722496,24722496,378100626771
24784,76,,126,train,24722496,24722496,378100626771
31955,76,,24,train,24722496,24722496,378100626771
39486,76,,24,train,24722496,24722496,378100626771
45417,76,,66,train,24722496,24722496,378100626771
53089,76,,34,train,24722496,24722496,378100626771
60953,76,,14,train,24722496,24722496,378100626771
6906,76,,12,train,24722496,24722496,378100626771
77259,76,,198,train,24722496,24722496,378100626771
15279,77,,20,train,24722496,24722496,378100626771
21768,77,,14,train,24722496,24722496,378100626771
28800,77,,18,train,24722496,24722496,378100626771
36037,77,,8,train,24722496,24722496,378100626771
43294,77,,20,train,24722496,24722496,378100626771
49882,77,,14,train,24722496,24722496,378100626771
57812,77,,8,train,24722496,24722496,378100626771
6564,77,,6,train,24722496,24722496,378100626771
73311,77,,24,train,24722496,24722496,378100626771
81469,77,,20,train,24722496,24722496,378100626771
11745,78,,20,train,24722496,24722496,378100626771
18930,78,,12,train,24722496,24722496,378100626771
25341,78,,6,train,24722496,24722496,378100626771
3271,78,,10,train,24722496,24722496,378100626771
40012,78,,10,train,24722496,24722496,378100626771
46056,78,,6,train,24722496,24722496,378100626771
53987,78,,92,train,24722496,24722496,378100626771
6177,78,,34,train,24722496,24722496,378100626771
69539,78,,38,train,24722496,24722496,378100626771
77897,78,,36,train,24722496,24722496,378100626771
10443,79,,6,train,24722496,24722496,378100626771
17467,79,,44,train,24722496,24722496,378100626771
24532,79,,230,train,24722496,24722496,378100626771
31834,79,,162,train,24722496,24722496,378100626771
39188,79,,26,train,24722496,24722496,378100626771
45271,79,,90,train,24722496,24722496,378100626771
52907,79,,8,train,24722496,24722496,378100626771
60848,79,,38,train,24722496,24722496,378100626771
68691,79,,6,train,24722496,24722496,378100626771
76972,79,,30,train,24722496,24722496,378100626771
16777,80,,54,train,24722496,24722496,378100626771
24018,80,,6,train,24722496,24722496,378100626771
3107,80,,68,train,24722496,24722496,378100626771
38512,80,,398,train,24722496,24722496,378100626771
4482,80,,10,train,24722496,24722496,378100626771
51568,80,,30,train,24722496,24722496,378100626771
59769,80,,20,train,24722496,24722496,378100626771
67598,80,,6,train,24722496,24722496,378100626771
75640,80,,134,train,24722496,24722496,378100626771
9495,80,,8,train,24722496,24722496,378100626771
16531,81,,14,train,24722496,24722496,378100626771
23560,81,,12,train,24722496,24722496,378100626771
30581,81,,36,train,24722496,24722496,378100626771
3658,81,,18,train,24722496,24722496,378100626771
43656,81,,12,train,24722496,24722496,378100626771
50461,81,,34,train,24722496,24722496,378100626771
58544,81,,6,train,24722496,24722496,378100626771
66538,81,,6,train,24722496,24722496,378100626771
74444,81,,44,train,24722496,24722496,378100626771
8326,81,,18,train,24722496,24722496,378100626771
10622,82,,10,train,24722496,24722496,378100626771
1776,82,,16,train,24722496,24722496,378100626771
24793,82,,52,train,24722496,24722496,378100626771
32103,82,,58,train,24722496,24722496,378100626771
39517,82,,6,train,24722496,24722496,378100626771
45506,82,,6,train,24722496,24722496,378100626771
53112,82,,8,train,24722496,24722496,378100626771
61220,82,,38,train,24722496,24722496,378100626771
69062,82,,6,train,24722496,24722496,378100626771
77268,82,,6,train,24722496,24722496,378100626771
16498,83,,66,train,24722496,24722496,378100626771
23512,83,,14,train,24722496,24722496,378100626771
30446,83,,48,train,24722496,24722496,378100626771
3771,83,,20,train,24722496,24722496,378100626771
44348,83,,12,train,24722496,24722496,378100626771
5132,83,,290,train,24722496,24722496,378100626771
59425,83,,132,train,24722496,24722496,378100626771
67165,83,,8,train,24722496,24722496,378100626771
75227,83,,24,train,24722496,24722496,378100626771
9155,83,,36,train,24722496,24722496,378100626771
16777,84,,54,train,24722496,24722496,378100626771
24018,84,,6,train,24722496,24722496,378100626771
3107,84,,68,train,24722496,24722496,378100626771
38512,84,,398,train,24722496,24722496,378100626771
4482,84,,10,train,24722496,24722496,378100626771
51568,84,,30,train,24722496,24722496,378100626771
59769,84,,20,train,24722496,24722496,378100626771
67598,84,,6,train,24722496,24722496,378100626771
75640,84,,134,train,24722496,24722496,378100626771
9495,84,,8,train,24722496,24722496,378100626771
10085,85,,16,train,24722496,24722496,378100626771
17154,85,,24,train,24722496,24722496,378100626771
2435,85,,60,train,24722496,24722496,378100626771
31594,85,,8,train,24722496,24722496,378100626771
38999,85,,26,train,24722496,24722496,378100626771
45149,85,,16,train,24722496,24722496,378100626771
5217,85,,6,train,24722496,24722496,378100626771
60366,85,,6,train,24722496,24722496,378100626771
68038,85,,8,train,24722496,24722496,378100626771
76223,85,,36,train,24722496,24722496,378100626771
16535,86,,6,train,24722496,24722496,378100626771
23608,86,,6,train,24722496,24722496,378100626771
30607,86,,48,train,24722496,24722496,378100626771
38706,86,,92,train,24722496,24722496,378100626771
45063,86,,14,train,24722496,24722496,378100626771
52084,86,,6,train,24722496,24722496,378100626771
60287,86,,6,train,24722496,24722496,378100626771
67917,86,,18,train,24722496,24722496,378100626771
75964,86,,16,train,24722496,24722496,378100626771
9963,86,,10,train,24722496,24722496,378100626771
15965,87,,36,train,24722496,24722496,378100626771
22802,87,,8,train,24722496,24722496,378100626771
29882,87,,166,train,24722496,24722496,378100626771
33710,87,,10,train,24722496,24722496,378100626771
41164,87,,12,train,24722496,24722496,378100626771
47607,87,,10,train,24722496,24722496,378100626771
55702,87,,18,train,24722496,24722496,378100626771
63054,87,,6,train,24722496,24722496,378100626771
71814,87,,8,train,24722496,24722496,378100626771
79399,87,,8,train,24722496,24722496,378100626771
1228,88,,14,train,24722496,24722496,378100626771
19878,88,,14,train,24722496,24722496,378100626771
26672,88,,6,train,24722496,24722496,378100626771
37081,88,,6,train,24722496,24722496,378100626771
43725,88,,18,train,24722496,24722496,378100626771
50485,88,,6,train,24722496,24722496,378100626771
58698,88,,80,train,24722496,24722496,378100626771
66667,88,,42,train,24722496,24722496,378100626771
74619,88,,86,train,24722496,24722496,378100626771
8506,88,,8,train,24722496,24722496,378100626771
15261,89,,20,train,24722496,24722496,378100626771
21723,89,,10,train,24722496,24722496,378100626771
2872,89,,6,train,24722496,24722496,378100626771
32103,89,,58,train,24722496,24722496,378100626771
39517,89,,6,train,24722496,24722496,378100626771
45506,89,,6,train,24722496,24722496,378100626771
53112,89,,8,train,24722496,24722496,378100626771
61220,89,,38,train,24722496,24722496,378100626771
69062,89,,6,train,24722496,24722496,378100626771
77268,89,,6,train,24722496,24722496,378100626771
13390,90,,6,train,24722496,24722496,378100626771
20250,90,,8,train,24722496,24722496,378100626771
27236,90,,10,train,24722496,24722496,378100626771
33710,90,,10,train,24722496,24722496,378100626771
41164,90,,12,train,24722496,24722496,378100626771
47607,90,,10,train,24722496,24722496,378100626771
55702,90,,18,train,24722496,24722496,378100626771
63054,90,,6,train,24722496,24722496,378100626771
71814,90,,8,train,24722496,24722496,378100626771
79399,90,,8,train,24722496,24722496,378100626771
12020,91,,26,train,24722496,24722496,378100626771
19526,91,,14,train,24722496,24722496,378100626771
25745,91,,186,train,24722496,24722496,378100626771
38628,91,,72,train,24722496,24722496,378100626771
44876,91,,6,train,24722496,24722496,378100626771
51950,91,,6,train,24722496,24722496,378100626771
60020,91,,40,train,24722496,24722496,378100626771
67727,91,,68,train,24722496,24722496,378100626771
75800,91,,20,train,24722496,24722496,378100626771
9645,91,,6,train,24722496,24722496,378100626771
11169,92,,158,train,24722496,24722496,378100626771
18178,92,,6,train,24722496,24722496,378100626771
24959,92,,14,train,24722496,24722496,378100626771
32325,92,,12,train,24722496,24722496,378100626771
3971,92,,6,train,24722496,24722496,378100626771
45738,92,,22,train,24722496,24722496,378100626771
5325,92,,138,train,24722496,24722496,378100626771
61637,92,,6,train,24722496,24722496,378100626771
69289,92,,36,train,24722496,24722496,378100626771
77443,92,,8,train,24722496,24722496,378100626771
10255,93,,14,train,24722496,24722496,378100626771
17164,93,,26,train,24722496,24722496,378100626771
24402,93,,56,train,24722496,24722496,378100626771
34475,93,,6,train,24722496,24722496,378100626771
41629,93,,114,train,24722496,24722496,378100626771
47918,93,,28,train,24722496,24722496,378100626771
56101,93,,30,train,24722496,24722496,378100626771
64373,93,,12,train,24722496,24722496,378100626771
72245,93,,256,train,24722496,24722496,378100626771
79793,93,,32,train,24722496,24722496,378100626771
10449,94,,10,train,24722496,24722496,378100626771
17612,94,,20,train,24722496,24722496,378100626771
24762,94,,22,train,24722496,24722496,378100626771
31892,94,,30,train,24722496,24722496,378100626771
39295,94,,60,train,24722496,24722496,378100626771
4530,94,,12,train,24722496,24722496,378100626771
53008,94,,104,train,24722496,24722496,378100626771
6092,94,,30,train,24722496,24722496,378100626771
68994,94,,66,train,24722496,24722496,378100626771
77208,94,,8,train,24722496,24722496,378100626771
16122,95,,10,train,24722496,24722496,378100626771
22976,95,,38,train,24722496,24722496,378100626771
30214,95,,14,train,24722496,24722496,378100626771
33538,95,,90,train,24722496,24722496,378100626771
40886,95,,38,train,24722496,24722496,378100626771
47233,95,,8,train,24722496,24722496,378100626771
5533,95,,26,train,24722496,24722496,378100626771
6271,95,,8,train,24722496,24722496,378100626771
71139,95,,42,train,24722496,24722496,378100626771
79056,95,,6,train,24722496,24722496,378100626771
15130,96,,6,train,24722496,24722496,378100626771
21514,96,,18,train,24722496,24722496,378100626771
28687,96,,6,train,24722496,24722496,378100626771
3588,96,,22,train,24722496,24722496,378100626771
42811,96,,30,train,24722496,24722496,378100626771
49292,96,,6,train,24722496,24722496,378100626771
57549,96,,8,train,24722496,24722496,378100626771
65469,96,,12,train,24722496,24722496,378100626771
73054,96,,18,train,24722496,24722496,378100626771
8100,96,,8,train,24722496,24722496,378100626771
10902,97,,6,train,24722496,24722496,378100626771
17901,97,,10,train,24722496,24722496,378100626771
24812,97,,30,train,24722496,24722496,378100626771
32135,97,,32,train,24722496,24722496,378100626771
39550,97,,24,train,24722496,24722496,378100626771
45605,97,,8,train,24722496,24722496,378100626771
53169,97,,12,train,24722496,24722496,378100626771
61424,97,,32,train,24722496,24722496,378100626771
69073,97,,6,train,24722496,24722496,378100626771
77393,97,,8,train,24722496,24722496,378100626771
12028,98,,68,train,24722496,24722496,378100626771
19569,98,,56,train,24722496,24722496,378100626771
25785,98,,62,train,24722496,24722496,378100626771
32963,98,,12,train,24722496,24722496,378100626771
40184,98,,32,train,24722496,24722496,378100626771
4677,98,,28,train,24722496,24722496,378100626771
54568,98,,6,train,24722496,24722496,378100626771
6197,98,,8,train,24722496,24722496,378100626771
7036,98,,14,train,24722496,24722496,378100626771
78174,98,,8,train,24722496,24722496,378100626771
12020,99,,26,train,24722496,24722496,378100626771
19526,99,,14,train,24722496,24722496,378100626771
25745,99,,186,train,24722496,24722496,378100626771
32873,99,,12,train,24722496,24722496,378100626771
40098,99,,18,train,24722496,24722496,378100626771
46501,99,,20,train,24722496,24722496,378100626771
54374,99,,28,train,24722496,24722496,378100626771
61953,99,,6,train,24722496,24722496,378100626771
70254,99,,76,train,24722496,24722496,378100626771
78134,99,,176,train,24722496,24722496,378100626771
14290,100,,138,train,24722496,24722496,378100626771
20805,100,,40,train,24722496,24722496,378100626771
27865,100,,6,train,24722496,24722496,378100626771
34886,100,,14,train,24722496,24722496,378100626771
41844,100,,14,train,24722496,24722496,378100626771
48254,100,,192,train,24722496,24722496,378100626771
56390,100,,24,train,24722496,24722496,378100626771
64858,100,,14,train,24722496,24722496,378100626771
7275,100,,8,train,24722496,24722496,378100626771
80225,100,,18,train,24722496,24722496,378100626771
